{
  "total_cases": 500,
  "data_types": {
    "scaled_shares": "float64",
    "prev_max_mag": "float64",
    "new_max_mag": "float64",
    "slashed_amount": "float64",
    "theoretical_result": "float64",
    "error": "float64",
    "relative_error_percent": "float64",
    "magnitude_ratio": "float64",
    "slash_percentage": "float64"
  },
  "cases_with_error": 498,
  "cases_with_large_error": 81,
  "max_error": 7.69245556402137e+19,
  "mean_error": 2.911887826984712e+17,
  "median_error": 1.239137743528e-06,
  "std_error": 4.16320976175446e+18,
  "max_relative_error": 100.0,
  "mean_relative_error": 65.28373367154323,
  "error_by_slash_range": {
    "count": {
      "0-10%": 27,
      "10-25%": 25,
      "25-50%": 42,
      "50-75%": 48,
      "75-90%": 47,
      "90-100%": 311
    },
    "mean": {
      "0-10%": 0.0,
      "10-25%": 3220000.025852,
      "25-50%": 55651674522795.586,
      "50-75%": 0.053035,
      "75-90%": 181671230325.50272,
      "90-100%": 4.681416252098949e+17
    },
    "max": {
      "0-10%": 1e-06,
      "10-25%": 47000000.0,
      "25-50%": 2337271416636668.0,
      "50-75%": 0.811851,
      "75-90%": 8538534238410.532,
      "90-100%": 7.69245556402137e+19
    }
  }
}