{
  "total_cases": 500,
  "data_types": {
    "scaled_shares": "float64",
    "prev_max_mag": "float64",
    "new_max_mag": "float64",
    "slashed_amount": "float64",
    "theoretical_result": "float64",
    "error": "float64",
    "relative_error_percent": "float64",
    "magnitude_ratio": "float64",
    "slash_percentage": "float64"
  },
  "cases_with_error": 500,
  "cases_with_large_error": 495,
  "max_error": 3.4005619053880224e+38,
  "mean_error": 3.3498703723534267e+36,
  "median_error": 5106.992794739443,
  "std_error": 2.8331513425071243e+37,
  "max_relative_error": 100.0,
  "mean_relative_error": 99.09894748732918,
  "error_by_slash_range": {
    "count": {
      "0-10%": 26,
      "10-25%": 21,
      "25-50%": 51,
      "50-75%": 37,
      "75-90%": 55,
      "90-100%": 310
    },
    "mean": {
      "0-10%": 6316019.916256,
      "10-25%": 641.434365,
      "25-50%": 4.404853729871391e+26,
      "50-75%": 5.361560999548253e+33,
      "75-90%": 4.692091414197692e+36,
      "90-100%": 4.5699089697302974e+36
    },
    "max": {
      "0-10%": 102345374.510233,
      "10-25%": 4100.899139,
      "25-50%": 2.219985088543816e+28,
      "50-75%": 1.9824972738663353e+35,
      "75-90%": 2.580649157168808e+38,
      "90-100%": 3.4005619053880224e+38
    }
  }
}